Patient ID,treatment ,vitality score ,recovery score
1,A,73.47893,85.08908
2,A,83.09936,85.09367
3,A,74.84477,76.24713
4,A,82.08737,70.51951
5,A,73.10378,79.11569
6,A,68.68576,73.62893
7,A,71.21232933,70.186104
8,A,69.87775819,67.87289514
9,A,68.54318705,65.55968629
10,A,67.2086159,63.24647743
11,B,67.3,90.23
12,B,67.5,91.39
13,B,67.7,92.55
14,B,67.9,93.71
15,B,68.1,94.87
16,B,68.3,96.03
17,B,68.5,97.19
18,B,68.7,98.35
19,B,68.9,99.51
20,B,69.1,99
21,C,82,87.56
22,C,82.5,87.5
23,C,83,87.44
24,C,83.5,87.38
25,C,84,87.32
26,C,84.5,87.26
27,C,85,87.2
28,C,85.5,87.14
29,C,86,87.08
30,C,86.5,87.02
31,C,87,86.96
